<?xml version='1.0' encoding='UTF-8'?>
<faces-config version="2.2"
              xmlns="http://xmlns.jcp.org/xml/ns/javaee"
              xmlns:xsi="http://www.w3.org/2001/XMLSchema-instance"
              xsi:schemaLocation="http://xmlns.jcp.org/xml/ns/javaee http://xmlns.jcp.org/xml/ns/javaee/web-facesconfig_2_2.xsd">
    <navigation-rule>
        <from-view-id>/index.xhtml</from-view-id>
        <navigation-case>
            <from-outcome>login</from-outcome>
            <to-view-id>/dashboard.xhtml</to-view-id>
            <redirect/>
        </navigation-case>
        <navigation-case>
            <from-outcome>error</from-outcome>
            <to-view-id>/index.xhtml</to-view-id>
            <redirect/>
        </navigation-case>
    </navigation-rule>
    <navigation-rule>
        <from-view-id>/dashboard.xhtml</from-view-id>
        <navigation-case>
            <from-outcome>muebles</from-outcome>
            <to-view-id>/catalogo.xhtml</to-view-id>
            <redirect/>
        </navigation-case>
        <navigation-case>
            <from-outcome>usuarios</from-outcome>
            <to-view-id>/usuarios.xhtml</to-view-id>
            <redirect/>
        </navigation-case>
        <navigation-case>
            <from-outcome>carrito</from-outcome>
            <to-view-id>/carrito.xhtml</to-view-id>
            <redirect/>
        </navigation-case>
        <navigation-case>
            <from-outcome>reportes</from-outcome>
            <to-view-id>/reportes.xhtml</to-view-id>
            <redirect/>
        </navigation-case>
        <navigation-case>
            <from-outcome>perfil</from-outcome>
            <to-view-id>/perfil.xhtml</to-view-id>
            <redirect/>
        </navigation-case>
        <navigation-case>
            <from-outcome>cerrar</from-outcome>
            <to-view-id>/index.xhtml</to-view-id>
            <redirect/>
        </navigation-case>
        <navigation-case>
            <from-outcome>error</from-outcome>
            <to-view-id>/index.xhtml</to-view-id>
            <redirect/>
        </navigation-case>
    </navigation-rule>
    <navigation-rule>
        <from-view-id>/catalogo.xhtml</from-view-id>
        <navigation-case>
            <from-outcome>atras</from-outcome>
            <to-view-id>/dashboard.xhtml</to-view-id>
            <redirect/>
        </navigation-case>
    </navigation-rule>
    <navigation-rule>
        <from-view-id>/usuarios.xhtml</from-view-id>
        <navigation-case>
            <from-outcome>atras</from-outcome>
            <to-view-id>/dashboard.xhtml</to-view-id>
            <redirect/>
        </navigation-case>
    </navigation-rule>
    <navigation-rule>
        <from-view-id>/perfil.xhtml</from-view-id>
        <navigation-case>
            <from-outcome>atras</from-outcome>
            <to-view-id>/dashboard.xhtml</to-view-id>
            <redirect/>
        </navigation-case>
    </navigation-rule>
    <navigation-rule>
        <from-view-id>/carrito.xhtml</from-view-id>
        <navigation-case>
            <from-outcome>atras</from-outcome>
            <to-view-id>/dashboard.xhtml</to-view-id>
            <redirect/>
        </navigation-case>
        <navigation-case>
            <from-outcome>lista</from-outcome>
            <to-view-id>/carritoLista.xhtml</to-view-id>
            <redirect/>
        </navigation-case>
        <navigation-case>
            <from-outcome>pagar</from-outcome>
            <to-view-id>/carritoPagar.xhtml</to-view-id>
            <redirect/>
        </navigation-case>
    </navigation-rule>
    <navigation-rule>
        <from-view-id>/carritoLista.xhtml</from-view-id>
        <navigation-case>
            <from-outcome>menu</from-outcome>
            <to-view-id>/dashboard.xhtml</to-view-id>
            <redirect/>
        </navigation-case>
        <navigation-case>
            <from-outcome>atras</from-outcome>
            <to-view-id>/carrito.xhtml</to-view-id>
            <redirect/>
        </navigation-case>
        <navigation-case>
            <from-outcome>pagar</from-outcome>
            <to-view-id>/carritoPagar.xhtml</to-view-id>
            <redirect/>
        </navigation-case>
    </navigation-rule>
    <navigation-rule>
        <from-view-id>/carritoPagar.xhtml</from-view-id>
        <navigation-case>
            <from-outcome>menu</from-outcome>
            <to-view-id>/dashboard.xhtml</to-view-id>
            <redirect/>
        </navigation-case>
        <navigation-case>
            <from-outcome>lista</from-outcome>
            <to-view-id>/carritoLista.xhtml</to-view-id>
            <redirect/>
        </navigation-case>
        <navigation-case>
            <from-outcome>catalogo</from-outcome>
            <to-view-id>/carrito.xhtml</to-view-id>
            <redirect/>
        </navigation-case>
        <navigation-case>
            <from-outcome>pagado</from-outcome>
            <to-view-id>/carritoFin.xhtml</to-view-id>
            <redirect/>
        </navigation-case>
    </navigation-rule>
    <navigation-rule>
        <from-view-id>/carritoFin.xhtml</from-view-id>
        <navigation-case>
            <from-outcome>menu</from-outcome>
            <to-view-id>/dashboard.xhtml</to-view-id>
            <redirect/>
        </navigation-case>
    </navigation-rule>
    <navigation-rule>
        <from-view-id>/reportes.xhtml</from-view-id>
        <navigation-case>
            <from-outcome>atras</from-outcome>
            <to-view-id>/dashboard.xhtml</to-view-id>
            <redirect/>
        </navigation-case>
    </navigation-rule>
</faces-config>
